{"spot_diameter_fullres": 70.73769693449344, "tissue_hires_scalef": 0.21263024, "fiducial_diameter_fullres": 114.26858735572019, "tissue_lowres_scalef": 0.06378907}